CampaignID,Central,East,North,South,Southwest,West,Total
0,52194.18,173312.36,100567.42,54585.11,35258.82,110750.29,526668.1799999999
1,49495.51,127438.47,70446.09,47465.68,49351.47,66963.25,411160.47
2,40025.72,123033.97,85733.09,37406.02,41655.26,54835.2,382689.26
3,53465.63,201102.66,120899.22,52083.77,69881.28,104508.45,601941.01
Total,195181.04,624887.46,377645.82,191540.58,196146.83000000002,337057.19,1922458.92
