campaign_id,Central,East,North,South,Southwest,Unknown,West,Total
0,39215.76,125347.06,74739.8,39453.23,26127.63,11537.22,77673.72,394094.4199999999
1,34180.45,93013.4,52902.97,33101.52,36150.59,11371.12,46817.71,307537.76
2,27187.14,93426.59,61698.82,26413.98,29889.36,15678.17,40882.42,295176.48000000004
3,41290.35,143447.69,83216.97,34981.24,49867.79,18064.14,75740.93,446609.11
Total,141873.69999999998,455234.74,272558.56,133949.97,142035.37,56650.65,241114.77999999997,1443417.77
